<?xml version="1.0" encoding="UTF-8"?>
<item>
  <pubDate>Tue, 02 Feb 2016 12:34:50 -0700</pubDate>
  <title><![CDATA[404]]></title>
  <url><![CDATA[404]]></url>
  <meta><![CDATA[]]></meta>
  <metad><![CDATA[]]></metad>
  <menu><![CDATA[404]]></menu>
  <menuStatus><![CDATA[]]></menuStatus>
  <template><![CDATA[template-404.php]]></template>
  <parent><![CDATA[]]></parent>
  <content><![CDATA[The page you were looking for doesn\&#039;t exist.]]></content>
  <private><![CDATA[]]></private>
  <author><![CDATA[jwzumwalt]]></author>
  <menuOrder><![CDATA[19]]></menuOrder>
</item>
