<?xml version="1.0" encoding="UTF-8"?>
<specialpage><name>tv-items</name><title><![CDATA[TELEVISIONS]]></title><parent>televisions</parent><tags><![CDATA[]]></tags><slug/><template><![CDATA[shop_nosidebar_breadcrumbs.php]]></template><menu>0</menu><headercomponent/><showcomponent><![CDATA[<?php
global $basket_settings; global $MESS; global $language;
$location = 'plugins/basket_plugin';
if(isset($_GET['basket']) && $_GET['basket'] == "Y") {
	return;
}
if(isset($_GET['history']) && $_GET['history'] == "Y") {
	return;
}
if(isset($_GET['setlang'])) {
	$language = $_GET['setlang'];
	$_SESSION['language'] = serialize($language);
}
elseif(isset($_GET['lang'])) {
	$language = $_GET['lang'];
	$_SESSION['language'] = serialize($language);
}
else {
	if(isset($_SESSION['language'])) {
		$language = unserialize($_SESSION['language']);
	}
	if(isset($language)) {
		if(strlen($language>2)) $language = substr(language,0,2);
	}
}
$file_headers = @get_headers($location);
if (stripos($file_headers[0],"404 Not Found") >0  || (stripos($file_headers[0], "302 Found") > 0 && stripos($file_headers[7],"404 Not Found") > 0)){
	include($location.'/lang/en.php');
}
else {
	include($location.'/lang/'.$language.'.php');
}
$price = number_format(str_replace(",", ".", return_special_field('price','',false)), 2, '.', '');
$img_big = str_replace("thumbs", "uploads", return_special_field('image'));
$img_big = str_replace("thumbnail.", "", $img_big);
?>
<div class="basket-items full">
	<div class="col-xs-5 col-sm-5 image-preview">
		<div class="basket-image-preview" id="basket-image">
			<a id="href-preview" href="<?php echo $img_big; ?>" rel="prettyPhoto[television]" alt="<?php get_special_field('title','',false); ?>"  title="<?php get_special_field('title','',false); ?>" >
				<img class="img-preview-big" src=""></img>
			</a>
	    <?php if (return_special_field('newproduct')):?>
			<div class="new-img-outer" title="<?php echo $MESS['new_item']; ?>"></div>
		<?php endif?>
		<?php if (return_special_field('rebate')){ ?>
			<div class="discount-image" title="<?php echo $MESS['item_discount']; ?>">
			<?php if (return_special_field('ispercent')){ ?>
				<span class="discount-text"><?php get_special_field('rebate','',false); ?>%</span>
			<?php } else { ?>
				<span class="discount-text"><?php get_special_field('rebate','',false);  echo $basket_settings['CURRENCY']; ?></span>
			<?php } ?>
			</div>
		<?php } ?>
		</div>
	</div>
	<div class="col-xs-7 col-sm-7 basket-details">
		<h1 class="product-title"><?php get_page_title(); ?></h1>
		<?php if (return_special_field('rebate')){ ?>
		<div class="discount-prices">
		<?php if (return_special_field('ispercent')){
			$money_save = number_format(((return_special_field('price','',false) /100) * return_special_field('rebate','',false)), 2).' '.$basket_settings['CURRENCY'].' (-'.return_special_field('rebate','',false).'%)';
			$price = number_format($price - (($price /100) * return_special_field('rebate','',false)), 2);
			?>
			<span class="new-price"><?php echo $MESS['table_price_column']; ?>: <?php echo $price.' '.$basket_settings['CURRENCY']; ?></span>
		<?php } else {
			$money_save = number_format(return_special_field('rebate','',false), 2, '.', '').' '.$basket_settings['CURRENCY'];
			$price = number_format($price - return_special_field('rebate','',false), 2, '.', '');
			?>
			<span class="new-price"><?php echo $MESS['table_price_column']; ?>: <?php echo $price.' '.$basket_settings['CURRENCY']; ?> </span>
			<?php } ?>
			<span class="old-price"><?php echo number_format(str_replace(",", ".", return_special_field('price','',false)), 2, '.', '').' '.$basket_settings['CURRENCY']; ?></span>
			<span class="money-save"><?php echo $MESS['save_money']; ?>: <?php echo $money_save; ?></span>
		</div>
	<?php } else { ?>
		<div class="new-price"><?php echo $MESS['table_price_column']; ?>: <?php echo $price.' '.$basket_settings['CURRENCY']; ?></div>
	<?php } ?>
	<?php if (return_special_field('instock')):?>
		<div class="in-stock">
			<?php echo $MESS['in_stock']; ?>: <?php get_special_field('instock','',false); ?>
		</div>
	<?php endif?>
	<form action="<?php echo filter_var($_SERVER['REQUEST_URI'], FILTER_SANITIZE_URL); ?>" method="POST" class="add-form">
		<span><?php echo $MESS['quantity_short']; ?>:</span>
		<input type="hidden" name="id" value="<?php get_page_slug(); ?>" readonly />
        <input type="text" size="3" value="1" name="quantity" />
		<input type="submit" name="add_item" value="<?php echo $MESS['buy_item']; ?>" readonly />
	</form>
	<fieldset class="item-info">
		<legend><span><?php echo $MESS['specifications']; ?></span></legend>
		<?php if (return_special_field('hd-tech')):?>
		<div class="info-outer">
			<i class="glyphicon glyphicon-ok-circle" aria-hidden="true"><span class="info-text"><?php get_special_field('hd-tech','',false); ?></span></i>
		</div>
		<?php endif?>
		<?php if (return_special_field('display')):?>
		<div class="info-outer">
			<i class="glyphicon glyphicon-ok-circle" aria-hidden="true"><span class="info-text"><?php get_special_field('display','',false); ?></span></i>
		</div>
		<?php endif?>
		<?php if (return_special_field('scr-size')):?>
		<div class="info-outer">
			<i class="glyphicon glyphicon-ok-circle" aria-hidden="true"><span class="info-text"><?php get_special_field('scr-size','',false); ?></span></i>
		</div>
		<?php endif?>
		<?php if (return_special_field('smart')):?>
		<div class="info-outer">
			<i class="glyphicon glyphicon-ok-circle" aria-hidden="true"><span class="info-text">Smart TV</span></i>
		</div>
		<?php endif?>
		<?php if (return_special_field('threed')):?>
		<div class="info-outer">
			<i class="glyphicon glyphicon-ok-circle" aria-hidden="true"><span class="info-text">3D</span></i>
		</div>
		<?php endif?>
	</fieldset>
	</div>
<?php if (return_special_field('image') || return_special_field('image1') || return_special_field('image2') || return_special_field('image3')) {
		?>
	<div class="col-xs-6 col-sm-6 image-thumbs">
		<?php if (return_special_field('image')) { ?>
			<div class="basket-image-thumb">
				<img id="basket_image" class="basket-thumb" src="<?php echo str_replace("uploads", "thumbs", return_special_field('image')); ?>" alt="<?php get_special_field('title','',false); ?>" onclick="imgPreview('<?php get_special_field('image'); ?>', this.id)" />
			</div>
		<?php }
		if (return_special_field('image1')) { ?>
			<div class="basket-image-thumb">
				<img id="basket_image1" class="basket-thumb" src="<?php echo str_replace("uploads", "thumbs", return_special_field('image1')); ?>" alt="<?php get_special_field('title','',false); ?>" onclick="imgPreview('<?php get_special_field('image1'); ?>', this.id)" />
			</div>
		<?php }
		if (return_special_field('image2')) { ?>
			<div class="basket-image-thumb">
				<img id="basket_image2" class="basket-thumb" src="<?php echo str_replace("uploads", "thumbs", return_special_field('image2')); ?>" alt="<?php get_special_field('title','',false); ?>" onclick="imgPreview('<?php get_special_field('image2'); ?>', this.id)" />
			</div>
		<?php }
		if (return_special_field('image3')) { ?>
			<div class="basket-image-thumb">
				<img id="basket_image3" class="basket-thumb" src="<?php echo str_replace("uploads", "thumbs", return_special_field('image3')); ?>" alt="<?php get_special_field('title','',false); ?>" onclick="imgPreview('<?php get_special_field('image3'); ?>', this.id)" />
			</div>
		<?php } ?>
	</div>
<?php } ?>
	<?php get_special_field('content'); ?>
</div>
<script>
	function imgPreview(img_source, clicked_id) {
		var img_big = img_source.replace('thumbs', 'uploads');
		img_big = img_big.replace("thumbnail.", "");
		$("#basket-image .img-preview-big").attr("src", img_big);
		document.getElementById('href-preview').href = img_big;
		$("#href-preview").attr("rel", "prettyPhoto[television]");
	}
	
	$(document).ready(function(){
		var img_source = "<?php echo return_special_field('image'); ?>";
		var img_big = img_source.replace('thumbs', 'uploads');
		img_big = img_big.replace("thumbnail.", "");
		$("#basket-image .img-preview-big").attr("src", img_big);
		$("#href-preview").attr("rel", "prettyPhoto[television]");
    });
</script>]]></showcomponent><searchcomponent><![CDATA[<?php global $basket_settings; global $MESS;
if(isset($_GET['basket']) && $_GET['basket'] == "Y") {
	return;
}
$price = number_format(str_replace(",", ".", return_special_field('price')), 2, '.', '');
 ?>
<div class="basket-items col-md-4 col-sm-4 col-xs-4 col-lg-4">
  <div class="wrapper">
    <div class="title-outer <?php echo strtolower(return_special_field('manufacturer')); ?>">
	<a href="<?php echo filter_var(return_special_field('link',''), FILTER_SANITIZE_URL); ?>" class="item-title">
		<?php echo htmlspecialchars(return_special_field('title','',false)); ?>
	</a>
   </div>
		<?php if (return_special_field('image')) :?>
		   <a href="<?php echo filter_var(return_special_field('link',''), FILTER_SANITIZE_URL); ?>">
              <div class="img-outer">
                 <img src="<?php echo htmlspecialchars(return_special_field('image')); ?>" alt="<?php echo htmlspecialchars(return_special_field('image')); ?>" title="<?php echo htmlspecialchars(return_special_field('title','')); ?>" />
              </div>
           </a>
        <?php endif?>
	<?php if (return_special_field('rebate')){ ?>
		<div class="discount-image" title="<?php echo $MESS['item_discount']; ?>">
		<?php if (return_special_field('ispercent')){ ?>
			<span class="discount-text"><?php echo htmlspecialchars(return_special_field('rebate')); ?>%</span>
		<?php } else { ?>
			<span class="discount-text"><?php echo htmlspecialchars(return_special_field('rebate'));  echo $basket_settings['CURRENCY']; ?></span>
		<?php } ?>
		</div>
		<div class="discount-prices">
			<span class="old-price"><?php echo htmlspecialchars(return_special_field('price')).' '.$basket_settings['CURRENCY']; ?></span> 
		<?php if (return_special_field('ispercent')){
			$price = number_format($price - (($price /100) * return_special_field('rebate')), 2, '.', '');
			?>
			<span class="new-price <?php echo return_special_field('price')?>"><?php echo $price.' '.$basket_settings['CURRENCY']; ?></span>
		<?php } else {
			$price = number_format($price - return_special_field('rebate'), 2, '.', '');
			?>
			<span class="new-price"><?php echo $price;  echo ' '.$basket_settings['CURRENCY']; ?> </span>
		<?php } ?>
		</div>
	<?php } else { ?>
		<div class="new-price"><?php echo $price;  echo ' '.$basket_settings['CURRENCY']; ?></div>
	<?php } ?>
    <?php if (return_special_field('newproduct')):?>
		<div class="new-img-outer" title="<?php echo $MESS['new_item']; ?>"></div>
	<?php endif?>
	<form action="<?php echo filter_var($_SERVER['REQUEST_URI'], FILTER_SANITIZE_URL); ?>" method="POST" class="add-form">
		<span><?php echo $MESS['quantity_short']; ?>:</span>
		<input type="hidden" name="id" value="<?php echo return_special_field('id'); ?>" readonly />
        <input type="text" size="3" value="1" name="quantity" />
		<input type="submit" name="add_item" value="<?php echo $MESS['buy_item']; ?>" readonly />
	</form>
  </div>
  <p class="spec-hidden"> <?php
$spec_fields = array('manufacturer', 'display', 'scr-size', 'hd-tech', 'smart', 'threed', 'price', 'newproduct');
$specials = '';
$is_rebate = false;
foreach ($spec_fields as $spec_field) {
	if(return_special_field($spec_field)) {
		if($spec_field == 'price') {
			if (return_special_field('rebate')) {
				if (return_special_field('ispercent')) {
					$specials = (string)number_format(return_special_field('price','',false) - ((return_special_field('price','',false) /100) * return_special_field('rebate','',false)), 2, '.', '');
					$is_rebate = true;
				} else {
					$specials = (string)number_format(return_special_field('price','',false) - return_special_field('rebate','',false), 2, '.', '');
					$is_rebate = true;
				}
			} else {
				$specials = (string)number_format(return_special_field('price','',false), 2, '.', '');
			}
		} else {
			$specials = strtolower(return_special_field($spec_field));
			$specials = preg_replace('/[^A-Za-z0-9\-]/', '-', $specials);
			$specials = preg_replace('/-+/', '-', $specials);
		} ?>
			<span class="<?php echo str_replace(' ', '-',  $specials).' '.$spec_field.($is_rebate?' rebate':''); ?>" ><?php echo str_replace(' ', '-',  $specials); ?>
			</span>
<?php }
} ?>
	</p>
</div>]]></searchcomponent><defaultcontent><![CDATA[]]></defaultcontent><fields><item><name><![CDATA[price]]></name><label><![CDATA[price]]></label><type><![CDATA[text]]></type></item><item><name><![CDATA[image]]></name><label><![CDATA[image #1]]></label><type><![CDATA[image]]></type></item><item><name><![CDATA[image1]]></name><label><![CDATA[image 2]]></label><type><![CDATA[image]]></type></item><item><name><![CDATA[image2]]></name><label><![CDATA[image 3]]></label><type><![CDATA[image]]></type></item><item><name><![CDATA[image3]]></name><label><![CDATA[image 4]]></label><type><![CDATA[image]]></type></item><item><name><![CDATA[manufacturer]]></name><label><![CDATA[Manufacturer]]></label><type><![CDATA[dropdown]]></type><option><![CDATA[Funai]]></option><option><![CDATA[LG]]></option><option><![CDATA[Panasonic]]></option><option><![CDATA[Philips]]></option><option><![CDATA[Samsung]]></option><option><![CDATA[Sharp]]></option><option><![CDATA[Sony]]></option><option><![CDATA[TV Star]]></option><index>2</index></item><item><name><![CDATA[display]]></name><label><![CDATA[Display type]]></label><type><![CDATA[dropdown]]></type><option><![CDATA[LCD]]></option><option><![CDATA[LED]]></option><option><![CDATA[LED LCD]]></option><option><![CDATA[OLED]]></option><index>2</index></item><item><name><![CDATA[scr-size]]></name><label><![CDATA[Screen size]]></label><type><![CDATA[dropdown]]></type><option><![CDATA[7&quot; (18 cm)]]></option><option><![CDATA[9&quot; (22 cm)]]></option><option><![CDATA[19&quot; (48 cm)]]></option><option><![CDATA[26&quot; (66 cm)]]></option><option><![CDATA[32&quot; (81 cm)]]></option><option><![CDATA[40&quot; (101 cm)]]></option><option><![CDATA[42&quot; (107 cm)]]></option><option><![CDATA[43&quot; (109 cm)]]></option><option><![CDATA[46&quot; (116 cm)]]></option><option><![CDATA[48&quot; (117 cm)]]></option><option><![CDATA[49&quot; (124 cm)]]></option><option><![CDATA[50&quot; (127 cm)]]></option><option><![CDATA[55&quot; (140 cm)]]></option><option><![CDATA[60&quot; (152 cm)]]></option><option><![CDATA[65&quot; (165 cm)]]></option><option><![CDATA[75&quot; (190 cm)]]></option><index>2</index></item><item><name><![CDATA[hd-tech]]></name><label><![CDATA[HD technology]]></label><type><![CDATA[dropdown]]></type><option><![CDATA[Full HD]]></option><option><![CDATA[HD Ready]]></option><option><![CDATA[4K ULTRA HD]]></option><option><![CDATA[3840 x 2160]]></option><index>2</index></item><item><name><![CDATA[smart]]></name><label><![CDATA[Smart TV]]></label><type><![CDATA[checkbox]]></type><index>3</index></item><item><name><![CDATA[threed]]></name><label><![CDATA[3D]]></label><type><![CDATA[checkbox]]></type><index>3</index></item><item><name><![CDATA[instock]]></name><label><![CDATA[In stock]]></label><type><![CDATA[text]]></type></item><item><name><![CDATA[rebate]]></name><label><![CDATA[rebate]]></label><type><![CDATA[text]]></type><index>2</index></item><item><name><![CDATA[ispercent]]></name><label><![CDATA[Is percent]]></label><type><![CDATA[checkbox]]></type></item><item><name><![CDATA[newproduct]]></name><label><![CDATA[New item]]></label><type><![CDATA[checkbox]]></type><index>3</index></item><item><name><![CDATA[related]]></name><label><![CDATA[Related product]]></label><type><![CDATA[checkbox]]></type><index>3</index></item></fields></specialpage>
