<?xml version="1.0" encoding="UTF-8"?>
<specialpage><name>basket-items</name><title><![CDATA[BASKET-ITEMS]]></title><parent></parent><tags><![CDATA[]]></tags><slug></slug><template><![CDATA[]]></template><menu></menu><headercomponent></headercomponent><showcomponent><![CDATA[<div class="basket-items">
		<?php if (return_special_field('image')) :?>
	     	<img src="<?php echo htmlspecialchars(return_special_field('image')); ?>" alt="<?php echo htmlspecialchars(return_special_field('title','')); ?>" />
        <?php endif?>
	<?php get_special_field('content'); ?>
	<p>Price <strong><?php get_special_field('price','',false); ?> $</strong></p>
	<form action="<?php echo filter_var($_SERVER['REQUEST_URI'], FILTER_SANITIZE_URL); ?>" method="POST" class="add-form">
		<span>Quantity:</span>
		<input type="hidden" name="id" value="<?php get_page_slug(); ?>" readonly />
		<input type="text" size="3" value="1" name="quantity" />
		<input type="submit" name="add_item" value="Buy" readonly />
	</form>
</div>]]></showcomponent><searchcomponent><![CDATA[<div class="basket-items">
	<a href="<?php echo filter_var(return_special_field('link',''), FILTER_SANITIZE_URL); ?>">
		<?php echo htmlspecialchars(return_special_field('title','')); ?>
	</a>
		<?php if (return_special_field('image')) :?>
		     <img src="<?php echo htmlspecialchars(return_special_field('image')); ?>" alt="<?php  echo htmlspecialchars(return_special_field('title','')); ?>" />
        <?php endif?>
	<?php get_special_field_excerpt('content', $numWords); ?>
	<p>Price <strong><?php echo htmlspecialchars(return_special_field('price')); ?> $</strong></p>
	<form action="<?php echo filter_var($_SERVER['REQUEST_URI'], FILTER_SANITIZE_URL); ?>" method="POST" class="add-form">
		<span>Quantity:</span>
		<input type="hidden" name="id" value="<?php echo return_special_field('id'); ?>" readonly />
		<input type="text" size="3" value="1" name="quantity" />
		<input type="submit" name="add_item" value="Buy" readonly />
	</form>
</div>]]></searchcomponent><defaultcontent><![CDATA[]]></defaultcontent><fields><item><name><![CDATA[price]]></name><label><![CDATA[price]]></label><type><![CDATA[text]]></type></item><item><name><![CDATA[image]]></name><label><![CDATA[image]]></label><type><![CDATA[image]]></type></item></fields></specialpage>
