<?xml version="1.0" encoding="UTF-8"?>
<specialpage><name>laptops-items</name><title><![CDATA[LAPTOPS]]></title><parent>laptops</parent><tags><![CDATA[]]></tags><slug/><template><![CDATA[shop_nosidebar_breadcrumbs.php]]></template><menu>0</menu><headercomponent/><showcomponent><![CDATA[<?php
global $basket_settings; global $MESS; global $language;
$location = 'plugins/basket_plugin';
if(isset($_GET['basket']) && $_GET['basket'] == "Y") {
	return;
}
if(isset($_GET['history']) && $_GET['history'] == "Y") {
	return;
}
if(isset($_GET['setlang'])) {
	$language = $_GET['setlang'];
	$_SESSION['language'] = serialize($language);
}
elseif(isset($_GET['lang'])) {
	$language = $_GET['lang'];
	$_SESSION['language'] = serialize($language);
}
else {
	if(isset($_SESSION['language'])) {
		$language = unserialize($_SESSION['language']);
	}
	if(isset($language)) {
		if(strlen($language>2)) $language = substr(language,0,2);
	}
}
$file_headers = @get_headers($location);
if (stripos($file_headers[0],"404 Not Found") >0  || (stripos($file_headers[0], "302 Found") > 0 && stripos($file_headers[7],"404 Not Found") > 0)){
	include($location.'/lang/en.php');
}
else {
	include($location.'/lang/'.$language.'.php');
}
$price = number_format(str_replace(",", ".", return_special_field('price','',false)), 2, '.', '');
$img_big = str_replace("thumbs", "uploads", return_special_field('image'));
$img_big = str_replace("thumbnail.", "", $img_big);
$txt_get = array('Intel','Radeon','Core','Pentium','Celeron');
$txt_want = array('Intel®','Radeon™','Core™','Pentium®','Celeron®');
?>
<div class="basket-items full">
	<div class="col-xs-5 col-sm-5 image-preview">
		<div class="basket-image-preview" id="basket-image">
			<a id="href-preview" href="<?php echo $img_big; ?>" rel="prettyPhoto[television]" alt="<?php get_special_field('title','',false); ?>"  title="<?php get_special_field('title','',false); ?>" >
				<img class="img-preview-big" src=""></img></a> <?php
				if (return_special_field('image1')) echo '<a href="'.str_replace(array("thumbs","thumbnail."),array("uploads",""),return_special_field('image1')).'" alt="'.return_special_field('title').'" title="'.return_special_field('title').'" rel="prettyPhoto[television]" style="display:none" ><img src="'.str_replace("uploads", "thumbs", return_special_field('image1')).'" style="display:none"></img></a>';
				if (return_special_field('image2')) echo '<a href="'.str_replace(array("thumbs","thumbnail."),array("uploads",""),return_special_field('image2')).'" alt="'.return_special_field('title').'" title="'.return_special_field('title').'" rel="prettyPhoto[television]" style="display:none" ><img src="'.str_replace("uploads", "thumbs", return_special_field('image2')).'" style="display:none"></img></a>';
				if (return_special_field('image3')) echo '<a href="'.str_replace(array("thumbs","thumbnail."),array("uploads",""),return_special_field('image3')).'" alt="'.return_special_field('title').'" title="'.return_special_field('title').'" rel="prettyPhoto[television]" style="display:none" ><img src="'.str_replace("uploads", "thumbs", return_special_field('image3')).'" style="display:none"></img></a>';
               if (return_special_field('newproduct')):?>
			<div class="new-img-outer" title="<?php echo $MESS['new_item']; ?>"></div>
		<?php endif?>
		<?php if (return_special_field('rebate')){ ?>
			<div class="discount-image" title="<?php echo $MESS['item_discount']; ?>">
			<?php if (return_special_field('ispercent')){ ?>
				<span class="discount-text"><?php get_special_field('rebate','',false); ?>%</span>
			<?php } else { ?>
				<span class="discount-text"><?php get_special_field('rebate','',false);  echo $basket_settings['CURRENCY']; ?></span>
			<?php } ?>
			</div>
		<?php } ?>
		</div>
	</div>
	<div class="col-xs-7 col-sm-7 basket-details">
		<h1 class="product-title"><?php get_page_title(); ?></h1>
		<?php if (return_special_field('rebate')){ ?>
		<div class="discount-prices">
		<?php if (return_special_field('ispercent')){
			$money_save = number_format(((return_special_field('price','',false) /100) * return_special_field('rebate','',false)), 2).' '.$basket_settings['CURRENCY'].' (-'.return_special_field('rebate','',false).'%)';
			$price = number_format($price -(($price /100) * return_special_field('rebate','',false)), 2, '.', '');
			?>
			<span class="new-price"><?php echo $MESS['table_price_column']; ?>: <?php echo $price.' '.$basket_settings['CURRENCY']; ?></span>
		<?php } else {
			$money_save = number_format(return_special_field('rebate','',false), 2, '.', '').' '.$basket_settings['CURRENCY'];
			$price = number_format($price - return_special_field('rebate','',false), 2, '.', '');
			?>
			<span class="new-price"><?php echo $MESS['table_price_column']; ?>: <?php echo $price.' '.$basket_settings['CURRENCY']; ?> </span>
			<?php } ?>
			<span class="old-price"><?php echo number_format(str_replace(",", ".", return_special_field('price','',false)), 2, '.', '').' '.$basket_settings['CURRENCY']; ?></span>
			<span class="money-save"><?php echo $MESS['save_money']; ?>: <?php echo $money_save; ?></span>
		</div>
	<?php } else { ?>
		<div class="new-price"><?php echo $MESS['table_price_column']; ?>: <?php echo $price.' '.$basket_settings['CURRENCY']; ?></div>
	<?php } ?>
	<?php if (return_special_field('instock')):?>
		<div class="in-stock">
			<?php echo $MESS['in_stock']; ?>: <?php get_special_field('instock','',false); ?>
		</div>
	<?php endif?>
	<form action="<?php echo filter_var($_SERVER['REQUEST_URI'], FILTER_SANITIZE_URL); ?>" method="POST" class="add-form">
		<span><?php echo $MESS['quantity_short']; ?>:</span>
		<input type="hidden" name="id" value="<?php echo get_page_slug(); ?>" readonly />
        <input type="text" size="3" value="1" name="quantity" />
		<input type="submit" name="add_item" value="<?php echo $MESS['buy_item']; ?>" readonly />
	</form>
	<fieldset class="item-info">
		<legend><span><?php echo $MESS['specifications']; ?></span></legend>
		<?php if (return_special_field('processor')):?>
		<div class="info-outer">
			<i class="glyphicon glyphicon-ok-circle" aria-hidden="true"><span class="info-text"><?php echo str_replace($txt_get, $txt_want,  return_special_field('processor')); ?></span></i>
		</div>
		<?php endif?>
		<?php if (return_special_field('video')):?>
		<div class="info-outer">
			<i class="glyphicon glyphicon-ok-circle" aria-hidden="true"><span class="info-text"><?php echo str_replace($txt_get, $txt_want,  return_special_field('video')); ?></span></i>
		</div>
		<?php endif?>
		<?php if (return_special_field('hdd')):?>
		<div class="info-outer">
			<i class="glyphicon glyphicon-ok-circle" aria-hidden="true"><span class="info-text"><?php echo str_replace($txt_get, $txt_want,  return_special_field('hdd')); ?> (HDD)</span></i>
		</div>
		<?php endif?>
		<?php if (return_special_field('ram')):?>
		<div class="info-outer">
			<i class="glyphicon glyphicon-ok-circle" aria-hidden="true"><span class="info-text"><?php echo str_replace($txt_get, $txt_want,  return_special_field('ram')); ?> (RAM)</span></i>
		</div>
		<?php endif?>
		<?php if (return_special_field('dvd')):?>
		<div class="info-outer">
			<i class="glyphicon glyphicon-ok-circle" aria-hidden="true"><span class="info-text">DVD±RW</span></i>
		</div>
		<?php endif?>
	</fieldset>
	</div>
<?php if (return_special_field('image') || return_special_field('image1') || return_special_field('image2') || return_special_field('image3')) {
		?>
	<div class="col-xs-6 col-sm-6 image-thumbs">
		<?php if (return_special_field('image')) { ?>
			<div class="basket-image-thumb">
				<img id="basket_image" class="basket-thumb" src="<?php echo str_replace("uploads", "thumbs", return_special_field('image')); ?>" alt="<?php get_special_field('title','',false); ?>" onclick="imgPreview('<?php get_special_field('image'); ?>', this.id)" />
			</div>
		<?php }
		if (return_special_field('image1')) { ?>
			<div class="basket-image-thumb">
				<img id="basket_image1" class="basket-thumb" src="<?php echo str_replace("uploads", "thumbs", return_special_field('image1')); ?>" alt="<?php get_special_field('title','',false); ?>" onclick="imgPreview('<?php get_special_field('image1'); ?>', this.id)" />
			</div>
		<?php }
		if (return_special_field('image2')) { ?>
			<div class="basket-image-thumb">
				<img id="basket_image2" class="basket-thumb" src="<?php echo str_replace("uploads", "thumbs", return_special_field('image2')); ?>" alt="<?php get_special_field('title','',false); ?>" onclick="imgPreview('<?php get_special_field('image2'); ?>', this.id)" />
			</div>
		<?php }
		if (return_special_field('image3')) { ?>
			<div class="basket-image-thumb">
				<img id="basket_image3" class="basket-thumb" src="<?php echo str_replace("uploads", "thumbs", return_special_field('image3')); ?>" alt="<?php get_special_field('title','',false); ?>" onclick="imgPreview('<?php get_special_field('image3'); ?>', this.id)" />
			</div>
		<?php } ?>
	</div>
<?php } ?>
	<?php get_special_field('content'); ?>
</div>
<script>
	function imgPreview(img_source, clicked_id) {
		var img_big = img_source.replace('thumbs', 'uploads');
		img_big = img_big.replace("thumbnail.", "");
		$("#basket-image .img-preview-big").attr("src", img_big);
		document.getElementById('href-preview').href = img_big;
		$("#href-preview").attr("rel", "prettyPhoto[television]");
	}
	
	$(document).ready(function(){
		var img_source = "<?php echo return_special_field('image'); ?>";
		var img_big = img_source.replace('thumbs', 'uploads');
		img_big = img_big.replace("thumbnail.", "");
		$("#basket-image .img-preview-big").attr("src", img_big);
		$("#href-preview").attr("rel", "prettyPhoto[television]");
    });
</script>]]></showcomponent><searchcomponent><![CDATA[<?php global $basket_settings; global $MESS;
$price = number_format(str_replace(",", ".", return_special_field('price','',false)), 2, '.', ''); ?>
<div class="basket-items col-md-4 col-sm-4 col-xs-4 col-lg-4">
  <div class="wrapper">
    <div class="title-outer <?php echo strtolower(return_special_field('manufacturer')); ?>">
	<a href="<?php get_special_field('link','',false); ?>" class="item-title">
		<?php get_special_field('title','',false); ?>
	</a>
   </div>
		<?php if (return_special_field('image')) :?>
		   <a href="<?php echo filter_var(return_special_field('link',''), FILTER_SANITIZE_URL);; ?>">
              <div class="img-outer">
                 <img src="<?php echo htmlspecialchars(return_special_field('image')); ?>" alt="<?php echo htmlspecialchars(return_special_field('title','')); ?>" title="<?php echo htmlspecialchars(return_special_field('title','')); ?>" />
              </div>
           </a>
        <?php endif?>
	<?php if (return_special_field('rebate')){ ?>
		<div class="discount-image" title="<?php echo $MESS['item_discount']; ?>">
		<?php if (return_special_field('ispercent')){ ?>
			<span class="discount-text"><?php echo htmlspecialchars(return_special_field('rebate')); ?>%</span>
		<?php } else { ?>
			<span class="discount-text"><?php echo htmlspecialchars(return_special_field('rebate')).' '.$basket_settings['CURRENCY']; ?></span>
		<?php } ?>
		</div>
		<div class="discount-prices">
			<span class="old-price"><?php echo htmlspecialchars(return_special_field('price')).' '.$basket_settings['CURRENCY']; ?></span> 
		<?php if (return_special_field('ispercent')){
			$price = number_format($price - (($price /100) * return_special_field('rebate','',false)), 2, '.', '');
			?>
			<span class="new-price"><?php echo $price; echo ' '.$basket_settings['CURRENCY']; ?></span>
		<?php } else {
			$price = number_format($price - return_special_field('rebate','',false), 2, '.', '');
			?>
			<span class="new-price"><?php echo $price;  echo ' '.$basket_settings['CURRENCY']; ?> </span>
		<?php } ?>
		</div>
	<?php } else { ?>
		<div class="new-price"><?php echo $price;  echo ' '.$basket_settings['CURRENCY']; ?></div>
	<?php } ?>
    <?php if (return_special_field('newproduct')):?>
		<div class="new-img-outer" title="<?php echo $MESS['new_item']; ?>"></div>
	<?php endif?>
	<form action="<?php echo filter_var($_SERVER['REQUEST_URI'], FILTER_SANITIZE_URL); ?>" method="POST" class="add-form">
		<span><?php echo $MESS['quantity_short']; ?>:</span>
		<input type="hidden" name="id" value="<?php echo return_special_field('id'); ?>" readonly />
        <input type="text" size="3" value="1" name="quantity" />
		<input type="submit" name="add_item" value="<?php echo $MESS['buy_item']; ?>" readonly />
	</form>
  </div>
  <p class="spec-hidden"> <?php
$spec_fields = array('manufacturer', 'processor', 'scr-size', 'video', 'hdd', 'ram', 'dvd', 'price', 'newproduct');
$txt_get = array(' ','Intel','Radeon');
$txt_want = array('-','Intel®','Radeon™');
$specials = '';
$is_rebate = false;
foreach ($spec_fields as $spec_field) {
	if(return_special_field($spec_field)) {
		if($spec_field == 'price') {
			if (return_special_field('rebate')) {
				if (return_special_field('ispercent')) {
					$specials = (string)number_format(return_special_field('price','',false) - ((return_special_field('price','',false) /100) * return_special_field('rebate','',false)), 2, '.', '');
					$is_rebate = true;
				} else {
					$specials = (string)number_format(return_special_field('price','',false) - return_special_field('rebate','',false), 2, '.', '');
					$is_rebate = true;
				}
			} else {
				$specials = (string)number_format(return_special_field('price','',false), 2, '.', '');
			}
		} else {
			$specials = strtolower(strpos(return_special_field($spec_field), '"') ? substr(return_special_field($spec_field), 0, strpos(return_special_field($spec_field), '"')) :return_special_field($spec_field));
			$specials = preg_replace('/[^A-Za-z0-9\-]/', '-', $specials);
			$specials = preg_replace('/-+/', '-', $specials);
		} ?>
			<span class="<?php echo str_replace(' ', '-',  $specials).' '.$spec_field.($is_rebate?' rebate':''); ?>" ><?php echo str_replace($txt_get, $txt_want,  $specials); ?>
			</span>
<?php }
} ?>
	</p>
</div>]]></searchcomponent><defaultcontent><![CDATA[]]></defaultcontent><fields><item><name><![CDATA[price]]></name><label><![CDATA[price]]></label><type><![CDATA[text]]></type></item><item><name><![CDATA[image]]></name><label><![CDATA[image #1]]></label><type><![CDATA[image]]></type></item><item><name><![CDATA[image1]]></name><label><![CDATA[image #2]]></label><type><![CDATA[image]]></type></item><item><name><![CDATA[image2]]></name><label><![CDATA[image #3]]></label><type><![CDATA[image]]></type></item><item><name><![CDATA[image3]]></name><label><![CDATA[image #4]]></label><type><![CDATA[image]]></type></item><item><name><![CDATA[manufacturer]]></name><label><![CDATA[Manufacturer]]></label><type><![CDATA[dropdown]]></type><option><![CDATA[Acer]]></option><option><![CDATA[Apple]]></option><option><![CDATA[Asus]]></option><option><![CDATA[Dell]]></option><option><![CDATA[HP]]></option><option><![CDATA[Lenovo]]></option><option><![CDATA[Packard Bell]]></option><option><![CDATA[Toshiba]]></option><index>2</index></item><item><name><![CDATA[processor]]></name><label><![CDATA[Processor type]]></label><type><![CDATA[dropdown]]></type><option><![CDATA[Intel Celeron 2957U]]></option><option><![CDATA[Intel Celeron N2840]]></option><option><![CDATA[Intel Celeron N3050]]></option><option><![CDATA[Intel Core M-5Y10]]></option><option><![CDATA[Intel Core i3-4005U]]></option><option><![CDATA[Intel Core i3-4030U]]></option><option><![CDATA[Intel Core i3-5005U]]></option><option><![CDATA[Intel Core i3-5010U]]></option><option><![CDATA[Intel Core i5-4210U]]></option><option><![CDATA[Intel Core i5-5200U]]></option><option><![CDATA[Intel Core i5-6300HQ]]></option><option><![CDATA[Intel Core i7-4510U]]></option><option><![CDATA[Intel Core i7-5500U]]></option><option><![CDATA[Intel Core i7-6500U]]></option><option><![CDATA[Intel Pentium N3540]]></option><index>2</index></item><item><name><![CDATA[video]]></name><label><![CDATA[Video]]></label><type><![CDATA[dropdown]]></type><option><![CDATA[Intel HD graphics]]></option><option><![CDATA[AMD Radeon R4]]></option><option><![CDATA[AMD Radeon R5]]></option><option><![CDATA[AMD Radeon R6]]></option><option><![CDATA[AMD Radeon R7]]></option><option><![CDATA[AMD Radeon R9]]></option><option><![CDATA[NVIDIA GeForce GT720M]]></option><option><![CDATA[NVIDIA GeForce GT730M]]></option><option><![CDATA[NVIDIA GeForce 820M]]></option><option><![CDATA[NVIDIA GeForce 830M]]></option><option><![CDATA[NVIDIA GeForce 840M]]></option><option><![CDATA[NVIDIA GeForce 860M]]></option><option><![CDATA[NVIDIA GeForce 920M]]></option><option><![CDATA[NVIDIA GeForce 940M]]></option><option><![CDATA[NVIDIA GeForce 950M]]></option><option><![CDATA[NVIDIA GeForce 960M]]></option><option><![CDATA[NVIDIA GeForce 970M]]></option><option><![CDATA[NVIDIA GeForce 980M]]></option><index>2</index></item><item><name><![CDATA[scr-size]]></name><label><![CDATA[Screen size]]></label><type><![CDATA[dropdown]]></type><option><![CDATA[11.6]]></option><option><![CDATA[13.3]]></option><option><![CDATA[14.0]]></option><option><![CDATA[15.6]]></option><option><![CDATA[17.3]]></option><index>2</index></item><item><name><![CDATA[hdd]]></name><label><![CDATA[HDD (GB)]]></label><type><![CDATA[dropdown]]></type><option><![CDATA[128GB]]></option><option><![CDATA[180GB]]></option><option><![CDATA[250GB]]></option><option><![CDATA[256GB]]></option><option><![CDATA[500GB]]></option><option><![CDATA[512GB]]></option><option><![CDATA[750GB]]></option><option><![CDATA[1TB]]></option><option><![CDATA[2TB]]></option><index>2</index></item><item><name><![CDATA[ram]]></name><label><![CDATA[RAM (GB)]]></label><type><![CDATA[dropdown]]></type><option><![CDATA[2GB]]></option><option><![CDATA[4GB]]></option><option><![CDATA[6GB]]></option><option><![CDATA[8GB]]></option><option><![CDATA[12GB]]></option><index>2</index></item><item><name><![CDATA[dvd]]></name><label><![CDATA[DVD-RW]]></label><type><![CDATA[checkbox]]></type><index>3</index></item><item><name><![CDATA[instock]]></name><label><![CDATA[In stock]]></label><type><![CDATA[text]]></type></item><item><name><![CDATA[rebate]]></name><label><![CDATA[rebate]]></label><type><![CDATA[text]]></type><index>1</index></item><item><name><![CDATA[ispercent]]></name><label><![CDATA[Is percent]]></label><type><![CDATA[checkbox]]></type></item><item><name><![CDATA[newproduct]]></name><label><![CDATA[New item]]></label><type><![CDATA[checkbox]]></type><index>3</index></item><item><name><![CDATA[related]]></name><label><![CDATA[Related product]]></label><type><![CDATA[checkbox]]></type><index>3</index></item></fields></specialpage>
