<?xml version="1.0" encoding="UTF-8"?>
<channel><entry><filelog><![CDATA[index.log]]></filelog><dateseg>1362331636</dateseg></entry><entry><filelog><![CDATA[index.log]]></filelog><dateseg>1362341636</dateseg></entry><entry><filelog><![CDATA[index.log]]></filelog><dateseg>1363463607</dateseg></entry><entry><filelog><![CDATA[index.log]]></filelog><dateseg>1363463898</dateseg></entry><entry><filelog><![CDATA[index.log]]></filelog><dateseg>1363485831</dateseg></entry><entry><filelog><![CDATA[index.log]]></filelog><dateseg>1363548479</dateseg></entry><entry><filelog><![CDATA[blog.log]]></filelog><dateseg>1364160991</dateseg></entry><entry><filelog><![CDATA[blog.log]]></filelog><dateseg>1364161311</dateseg></entry><entry><filelog><![CDATA[blog.log]]></filelog><dateseg>1364161990</dateseg></entry><entry><filelog><![CDATA[index.log]]></filelog><dateseg>1364236131</dateseg></entry><entry><filelog><![CDATA[index.log]]></filelog><dateseg>1364602049</dateseg></entry><entry><filelog><![CDATA[index.log]]></filelog><dateseg>1365783291</dateseg></entry><entry><filelog><![CDATA[index.log]]></filelog><dateseg>1365879190</dateseg></entry><entry><filelog><![CDATA[page-with-users.log]]></filelog><dateseg>1366010612</dateseg></entry><entry><filelog><![CDATA[index.log]]></filelog><dateseg>1366487968</dateseg></entry><entry><filelog><![CDATA[index.log]]></filelog><dateseg>1366568899</dateseg></entry><entry><filelog><![CDATA[index.log]]></filelog><dateseg>1366935731</dateseg></entry><entry><filelog><![CDATA[index.log]]></filelog><dateseg>1367372684</dateseg></entry><entry><filelog><![CDATA[index.log]]></filelog><dateseg>1367893394</dateseg></entry><entry><filelog><![CDATA[index.log]]></filelog><dateseg>1368194790</dateseg></entry><entry><filelog><![CDATA[index.log]]></filelog><dateseg>1368194811</dateseg></entry><entry><filelog><![CDATA[index.log]]></filelog><dateseg>1368843319</dateseg></entry><entry><filelog><![CDATA[index.log]]></filelog><dateseg>1368952929</dateseg></entry><entry><filelog><![CDATA[index.log]]></filelog><dateseg>1369005445</dateseg></entry><entry><filelog><![CDATA[index.log]]></filelog><dateseg>1369195554</dateseg></entry><entry><filelog><![CDATA[index.log]]></filelog><dateseg>1369489421</dateseg></entry><entry><filelog><![CDATA[page-with-users.log]]></filelog><dateseg>1370537545</dateseg></entry><entry><filelog><![CDATA[page-with-users.log]]></filelog><dateseg>1370537636</dateseg></entry><entry><filelog><![CDATA[page-with-users.log]]></filelog><dateseg>1370792573</dateseg></entry><entry><filelog><![CDATA[index.log]]></filelog><dateseg>1370873612</dateseg></entry><entry><filelog><![CDATA[index.log]]></filelog><dateseg>1372796210</dateseg></entry><entry><filelog><![CDATA[blog.log]]></filelog><dateseg>1374422928</dateseg></entry><entry><filelog><![CDATA[index.log]]></filelog><dateseg>1374590015</dateseg></entry><entry><filelog><![CDATA[blog.log]]></filelog><dateseg>1374863131</dateseg></entry><entry><filelog><![CDATA[index.log]]></filelog><dateseg>1375196518</dateseg></entry><entry><filelog><![CDATA[index.log]]></filelog><dateseg>1376059319</dateseg></entry><entry><filelog><![CDATA[index.log]]></filelog><dateseg>1376120074</dateseg></entry><entry><filelog><![CDATA[index.log]]></filelog><dateseg>1376905204</dateseg></entry><entry><filelog><![CDATA[index.log]]></filelog><dateseg>1377614820</dateseg></entry><entry><filelog><![CDATA[blog.log]]></filelog><dateseg>1380309101</dateseg></entry><entry><filelog><![CDATA[blog.log]]></filelog><dateseg>1380612817</dateseg></entry><entry><filelog><![CDATA[page-with-users.log]]></filelog><dateseg>1381247536</dateseg></entry><entry><filelog><![CDATA[index.log]]></filelog><dateseg>1382360949</dateseg></entry><entry><filelog><![CDATA[index.log]]></filelog><dateseg>1382599493</dateseg></entry><entry><filelog><![CDATA[index.log]]></filelog><dateseg>1383607610</dateseg></entry><entry><filelog><![CDATA[page-with-users.log]]></filelog><dateseg>1384194060</dateseg></entry><entry><filelog><![CDATA[index.log]]></filelog><dateseg>1384367786</dateseg></entry><entry><filelog><![CDATA[index.log]]></filelog><dateseg>1385237550</dateseg></entry><entry><filelog><![CDATA[index.log]]></filelog><dateseg>1385462039</dateseg></entry><entry><filelog><![CDATA[index.log]]></filelog><dateseg>1386063961</dateseg></entry><entry><filelog><![CDATA[index.log]]></filelog><dateseg>1386188294</dateseg></entry><entry><filelog><![CDATA[blog.log]]></filelog><dateseg>1386880203</dateseg></entry><entry><filelog><![CDATA[blog.log]]></filelog><dateseg>1386959840</dateseg></entry><entry><filelog><![CDATA[index.log]]></filelog><dateseg>1386960210</dateseg></entry></channel>
