<toc label="TIDEngine API">
  <topic label="Todo List" href="todo.html">
  </topic>
  <topic label="Modules">
    <topic label="TIDEngine Paths Settings" href="group__paths__settings.html">
    </topic>
    <topic label="TIDEngine General Cache Settings" href="group__general__cache__settings.html">
    </topic>
    <topic label="TIDEngine XHTML Cache Settings" href="group__xhtml__cache__settings.html">
    </topic>
    <topic label="TIDEngine CSS Cache Settings" href="group__css__cache__settings.html">
    </topic>
    <topic label="TIDEngine Javascript Cache Settings" href="group__js__cache__settings.html">
    </topic>
    <topic label="TIDEngine Class Settings" href="group__priv__settings.html">
    </topic>
  </topic>
  <topic label="Data Structures">
    <topic label="TIDEngine" href="class_t_i_d_engine.html"/>
  </topic>
  <topic label="Data Fields" href="functions.html"/>
  <topic label="File List">
    <topic label="TIDEngine/core/TIDEngine.php" href="_t_i_d_engine_8php.html"/>
  </topic>
</toc>
