<?xml version="1.0" encoding="UTF-8"?>
<extraGallery><tab-label><![CDATA[ExtraGallery]]></tab-label><title-disabled/><languages/><info><![CDATA[]]></info><required-width-comparator><![CDATA[range]]></required-width-comparator><required-width/><required-width-ranges/><required-height-comparator><![CDATA[range]]></required-height-comparator><required-height/><required-height-ranges/><create-lock/><delete-lock/><fields/><thumbnails><thumbnail><enabled><![CDATA[]]></enabled><required><![CDATA[]]></required><label><![CDATA[]]></label><width><![CDATA[]]></width><height><![CDATA[]]></height><auto-crop><![CDATA[]]></auto-crop></thumbnail><thumbnail><enabled><![CDATA[]]></enabled><required><![CDATA[]]></required><label><![CDATA[]]></label><width><![CDATA[]]></width><height><![CDATA[]]></height><auto-crop><![CDATA[]]></auto-crop></thumbnail></thumbnails></extraGallery>