<?xml version="1.0" encoding="UTF-8"?>
<specialpage><name>basket-items-with-discounts</name><title><![CDATA[BASKET-ITEMS-WITH-DISCOUNTS]]></title><parent/><tags><![CDATA[]]></tags><slug/><template><![CDATA[]]></template><menu/><headercomponent/><showcomponent><![CDATA[<div class="basket-items">
		<?php if (return_special_field('image')) :?>
	     	<img src="<?php get_special_field('image','',false); ?>" alt="<?php get_special_field('title','',false); ?>" />
        <?php endif?>
	<?php get_special_field('content'); ?>
	<?php if (return_special_field('discount')):?>
		<p>
			Price 
			<s><?php get_special_field('price','',false); ?> $</s> 
			<strong><?php echo return_special_field('price','',false) - return_special_field('discount','',false)?> $</strong>
			<br>
			Discount - <i><?php get_special_field('discount','',false); ?> $</i>
		</p>
	<?php else:?>
		<p>Price <strong><?php get_special_field('price','',false); ?> $</strong></p>
	<?php endif?>
	<form action="<?php echo $_SERVER['REQUEST_URI']?>" method="POST" class="add-form">
		<span>Quantity:</span>
		<input type="hidden" name="id" value="<?php get_page_slug(); ?>" />
		<input type="hidden" name="link" value="<?php echo $_SERVER['REQUEST_URI']?>" />
		<input type="hidden" name="name" value="<?php get_special_field('title','',false); ?>" />
		<?php if (return_special_field('discount')):?>
			<input type="hidden" name="price" value="<?php echo return_special_field('price','',false) - return_special_field('discount','',false)?>" />
		<?php else:?>
			<input type="hidden" name="price" value="<?php get_special_field('price','',false); ?>" />
		<?php endif?>
		<input type="hidden" name="image" value="<?php get_special_field('image','',false); ?>" />
		<input type="text" size="3" value="1" name="quantity" />
		<input type="submit" name="add_item" value="Buy" />
	</form>
</div>]]></showcomponent><searchcomponent><![CDATA[<div class="basket-items">
	<a href="<?php get_special_field('link','',false); ?>">
		<?php get_special_field('title','',false); ?>
	</a>
		<?php if (return_special_field('image')) :?>
		     <img src="<?php get_special_field('image','',false); ?>" alt="<?php get_special_field('title','',false); ?>" />
        <?php endif?>
	<?php get_special_field_excerpt('content', $numWords); ?>
	<?php if (return_special_field('discount')):?>
		<p>
			Price 
			<s><?php get_special_field('price','',false); ?> $</s> 
			<strong><?php echo return_special_field('price','',false) - return_special_field('discount','',false)?> $</strong>
			<br>
			Discount - <i><?php get_special_field('discount','',false); ?> $</i>
		</p>
	<?php else:?>
		<p>Price <strong><?php get_special_field('price','',false); ?> $</strong></p>
	<?php endif?>
	<form action="<?php echo $_SERVER['REQUEST_URI']?>" method="POST" class="add-form">
		<span>Quantity:</span>
		<input type="hidden" name="id" value="<?php get_special_field('id','',false); ?>" />
		<input type="hidden" name="link" value="<?php get_special_field('link','',false); ?>" />
		<input type="hidden" name="name" value="<?php get_special_field('title','',false); ?>" />
		<?php if (return_special_field('discount')):?>
			<input type="hidden" name="price" value="<?php echo return_special_field('price','',false) - return_special_field('discount','',false)?>" />
		<?php else:?>
			<input type="hidden" name="price" value="<?php get_special_field('price','',false); ?>" />
		<?php endif?>
		<input type="hidden" name="image" value="<?php get_special_field('image','',false); ?>" />
		<input type="text" size="3" value="1" name="quantity" />
		<input type="submit" name="add_item" value="Buy" />
	</form>
</div>]]></searchcomponent><defaultcontent><![CDATA[]]></defaultcontent><fields><item><name><![CDATA[price]]></name><label><![CDATA[price]]></label><type><![CDATA[text]]></type></item><item><name><![CDATA[image]]></name><label><![CDATA[image]]></label><type><![CDATA[image]]></type></item><item><name><![CDATA[discount]]></name><label><![CDATA[discount]]></label><type><![CDATA[text]]></type></item></fields></specialpage>
