<?xml version="1.0" encoding="UTF-8"?>
<specialpage><name>basket-items</name><title><![CDATA[BASKET-ITEMS]]></title><parent>katalog</parent><tags><![CDATA[]]></tags><slug/><template><![CDATA[]]></template><menu/><headercomponent/><showcomponent><![CDATA[<div class="basket-items">
		<?php if (return_special_field('image')) :?>
	     	<img src="<?php get_special_field('image','',false); ?>" alt="<?php get_special_field('title','',false); ?>" />
        <?php endif?>
	<?php get_special_field('content'); ?>
	<p>Price <strong><?php get_special_field('price','',false); ?> $</strong></p>
	<form action="<?php echo $_SERVER['REQUEST_URI']?>" method="POST" class="add-form">
		<span>Quantity:</span>
		<input type="hidden" name="id" value="<?php get_page_slug(); ?>" />
		<input type="hidden" name="link" value="<?php echo $_SERVER['REQUEST_URI']?>" />
		<input type="hidden" name="name" value="<?php get_special_field('title','',false); ?>" />
		<input type="hidden" name="price" value="<?php get_special_field('price','',false); ?>" />
		<input type="hidden" name="image" value="<?php get_special_field('image','',false); ?>" />
		<input type="text" size="3" value="1" name="quantity" />
		<input type="submit" name="add_item" value="Buy" />
	</form>
</div>]]></showcomponent><searchcomponent><![CDATA[<div class="basket-items">
	<a href="<?php get_special_field('link','',false); ?>">
		<?php get_special_field('title','',false); ?>
	</a>
		<?php if (return_special_field('image')) :?>
		     <img src="<?php get_special_field('image','',false); ?>" alt="<?php get_special_field('title','',false); ?>" />
        <?php endif?>
	<?php get_special_field_excerpt('content', $numWords); ?>
	<p>Price <strong><?php get_special_field('price','',false); ?> $</strong></p>
	<form action="<?php echo $_SERVER['REQUEST_URI']?>" method="POST" class="add-form">
		<span>Quantity:</span>
		<input type="hidden" name="id" value="<?php get_special_field('id','',false); ?>" />
		<input type="hidden" name="link" value="<?php get_special_field('link','',false); ?>" />
		<input type="hidden" name="name" value="<?php get_special_field('title','',false); ?>" />
		<input type="hidden" name="price" value="<?php get_special_field('price','',false); ?>" />
		<input type="hidden" name="image" value="<?php get_special_field('image','',false); ?>" />
		<input type="text" size="3" value="1" name="quantity" />
		<input type="submit" name="add_item" value="Buy" />
	</form>
</div>]]></searchcomponent><defaultcontent><![CDATA[]]></defaultcontent><fields><item><name><![CDATA[price]]></name><label><![CDATA[price]]></label><type><![CDATA[text]]></type></item><item><name><![CDATA[image]]></name><label><![CDATA[image]]></label><type><![CDATA[image]]></type></item></fields></specialpage>
