<?xml version='1.0' encoding='UTF-8' standalone='no'?>
<doxygen xmlns:xsi="http://www.w3.org/2001/XMLSchema-instance" xsi:noNamespaceSchemaLocation="compound.xsd" version="1.7.2">
  <compounddef id="dir_0f2f79cdc164b01cdbe43321e29111bd" kind="dir">
    <compoundname>TIDEngine/core/</compoundname>
    <innerfile refid="_t_i_d_engine_8php">TIDEngine.php</innerfile>
    <briefdescription>
    </briefdescription>
    <detaileddescription>
    </detaileddescription>
    <location file="C:/Localhosting/xampp/htdocs/TIDEngine/TIDEngine/core/"/>
  </compounddef>
</doxygen>
