<?xml version='1.0' encoding='UTF-8' standalone='no'?>
<doxygenindex xmlns:xsi="http://www.w3.org/2001/XMLSchema-instance" xsi:noNamespaceSchemaLocation="index.xsd" version="1.7.2">
  <compound refid="class_t_i_d_engine" kind="class"><name>TIDEngine</name>
    <member refid="group__paths__settings_1gaef9cf198312d2f89238a8e8e2f0f67f3" kind="variable"><name>$domain</name></member>
    <member refid="group__paths__settings_1gae39d9273ea31335b789e7d9a65ddd5e5" kind="variable"><name>$root_cache</name></member>
    <member refid="group__paths__settings_1ga63fb01efe0d6e48b4ec22d087e8146fb" kind="variable"><name>$pages_cache</name></member>
    <member refid="group__paths__settings_1ga0e80adb33d63c6d68ba4c65404df2f94" kind="variable"><name>$css_cache</name></member>
    <member refid="group__paths__settings_1ga16d37062fd28b17ccfbbc08ce3e0b776" kind="variable"><name>$js_cache</name></member>
    <member refid="group__paths__settings_1ga2f10132b94f95d29119dbfc721ec89f5" kind="variable"><name>$javascript_source</name></member>
    <member refid="group__paths__settings_1gaf110565a1dfb60e0e30898d5087688be" kind="variable"><name>$javascript_minified</name></member>
    <member refid="group__paths__settings_1ga35ab8cb7ae69ec347b63dda82a173005" kind="variable"><name>$frameworks_source</name></member>
    <member refid="group__paths__settings_1ga117298df65ff2026617e125d21463b93" kind="variable"><name>$css_source</name></member>
    <member refid="group__general__cache__settings_1gad3689303b91750b4f90511e1ab46a75c" kind="variable"><name>$cache_naming</name></member>
    <member refid="group__general__cache__settings_1gac05f99a6b3c71f3e31e77d5c9ea5914d" kind="variable"><name>$cache_name_pre</name></member>
    <member refid="group__general__cache__settings_1ga0b2dfab31e245d074c86967134122b25" kind="variable"><name>$cache_name_post</name></member>
    <member refid="group__general__cache__settings_1gac1516832f9aecd303dcb275d08e97efe" kind="variable"><name>$cache_extension</name></member>
    <member refid="group__general__cache__settings_1ga94cbab658bf158b39afd90db1a44e581" kind="variable"><name>$server_caching</name></member>
    <member refid="group__general__cache__settings_1gaa239a3baf57ffc17ad1cc1911414b539" kind="variable"><name>$client_caching</name></member>
    <member refid="group__general__cache__settings_1ga5ac8836bca7856f49bf02d7d95c2edd2" kind="variable"><name>$gzip</name></member>
    <member refid="group__general__cache__settings_1ga9a4e30766e452f0d2feaecd666787ca1" kind="variable"><name>$compression_level</name></member>
    <member refid="group__general__cache__settings_1ga5aaab753f75170fa670cbb602aa97119" kind="variable"><name>$cache_lifetime</name></member>
    <member refid="group__xhtml__cache__settings_1ga0216b64e0f4557ed5a36e5aaeccd2745" kind="variable"><name>$xhtml_code_operations</name></member>
    <member refid="group__xhtml__cache__settings_1ga2395c8c084b383c7fa248df50b624e9a" kind="variable"><name>$xhtml_code_indentation</name></member>
    <member refid="group__css__cache__settings_1ga3d807a2e23ba55310871e3ed6c2bd356" kind="variable"><name>$optimize_css</name></member>
    <member refid="group__css__cache__settings_1ga78989c70ad2b35d7026f6600cfe6ba92" kind="variable"><name>$optimize_css_gz</name></member>
    <member refid="group__css__cache__settings_1gad7ca051062e3dc2de4fa237217abef86" kind="variable"><name>$compact_css</name></member>
    <member refid="group__css__cache__settings_1ga2864dee7a65933d1d4c94373d542b700" kind="variable"><name>$css_file_name</name></member>
    <member refid="group__css__cache__settings_1ga80329ee2b55f386978162762e84ac3ee" kind="variable"><name>$css_ext</name></member>
    <member refid="group__js__cache__settings_1gaf2d235fefcbea23d664080143edad37f" kind="variable"><name>$optimize_javascript</name></member>
    <member refid="group__js__cache__settings_1ga73a53fbf95bca0dd45d7b6cca1f6a689" kind="variable"><name>$combine_all_javascript</name></member>
    <member refid="group__js__cache__settings_1ga8090fbc1c574d4134d6ab4b973d170d0" kind="variable"><name>$compact_javascript</name></member>
    <member refid="group__js__cache__settings_1ga0cdc0ded508ad7f1a3cfc63ef1df780a" kind="variable"><name>$optimize_javascript_gz</name></member>
    <member refid="group__js__cache__settings_1ga16b8a20321620dbef3a8deb7462ef4f4" kind="variable"><name>$packer</name></member>
    <member refid="group__js__cache__settings_1ga0d34488b74d51638331cf68641b18369" kind="variable"><name>$js_ext</name></member>
    <member refid="group__js__cache__settings_1ga08f8005b517d19f5a2d099d7ec595e2d" kind="variable"><name>$javascript_combined</name></member>
    <member refid="group__js__cache__settings_1ga38703f3ad6532639e4ec66aaa9ffc03b" kind="variable"><name>$javascript_filename</name></member>
    <member refid="group__js__cache__settings_1ga79efa8f1523c6f83cffbe8d18366a0f3" kind="variable"><name>$framework_filename</name></member>
    <member refid="group__js__cache__settings_1ga74a35165f016f24e125268a1e122c14f" kind="variable"><name>$frameworks_type</name></member>
    <member refid="group__priv__settings_1gaac9c786f32cb63904e4579cc2bded602" kind="variable"><name>$shortcodes</name></member>
    <member refid="group__priv__settings_1gade4bdb833871c0c762dd08d7ae627218" kind="variable"><name>$data_changes_check</name></member>
    <member refid="group__priv__settings_1ga1c507c75ecec577b312bb845ff0e5cc2" kind="variable"><name>$modification_time</name></member>
    <member refid="group__priv__settings_1ga88d4a982e092d52e64e05ee2b28f418f" kind="variable"><name>$template_id</name></member>
    <member refid="group__priv__settings_1ga25b8691d25affc422f8de6218c2adc44" kind="variable"><name>$configuration_file</name></member>
    <member refid="group__priv__settings_1ga9296b8da0b01b82041584bbf469081ce" kind="variable"><name>$meta_spec</name></member>
    <member refid="group__priv__settings_1ga25d50f7db79ecf7fc2a94c16eacfac6b" kind="variable"><name>$debug_meta</name></member>
    <member refid="class_t_i_d_engine_1a095c5d389db211932136b53f25f39685" kind="function"><name>__construct</name></member>
    <member refid="class_t_i_d_engine_1aa15b352bea711619b46255f3b216268d" kind="function"><name>check_cache</name></member>
    <member refid="class_t_i_d_engine_1a07e07caf771b9d4171388e8258ddf4ef" kind="function"><name>create_minified</name></member>
    <member refid="class_t_i_d_engine_1a3e3e3ea9bd1b6af66e25f2e559f45322" kind="function"><name>display</name></member>
    <member refid="class_t_i_d_engine_1aea13c262e2b03850c680ec85a0011624" kind="function"><name>shortcodes</name></member>
    <member refid="class_t_i_d_engine_1a9032066a9c91083b137ffa57627d08fa" kind="function"><name>css_data</name></member>
    <member refid="class_t_i_d_engine_1ae545113763a61b7d0d2066ed70773e61" kind="function"><name>optimize_css</name></member>
    <member refid="class_t_i_d_engine_1a0b8ae084a5dc63ca4f6876ab2e43438d" kind="function"><name>javascript_data</name></member>
    <member refid="class_t_i_d_engine_1ae3b381ddbd1de0b6053b2c82e60fd385" kind="function"><name>optimize_javascript</name></member>
    <member refid="class_t_i_d_engine_1aa59f4a795d744620f3cc6b49f4a27992" kind="function"><name>js_packers</name></member>
    <member refid="class_t_i_d_engine_1a6c23057376e72bfa98f72e68cf39b787" kind="function"><name>include_debugger</name></member>
    <member refid="class_t_i_d_engine_1ad1d5d85a42a4f8a83ca6261448b5457c" kind="function"><name>include_packer</name></member>
    <member refid="class_t_i_d_engine_1a5a39f9ecf7304d4645246b5bcb916c1e" kind="function"><name>Packer</name></member>
    <member refid="class_t_i_d_engine_1a33c1ef0d08960a1d75f4b55ecc7a844d" kind="function"><name>JSmin</name></member>
    <member refid="class_t_i_d_engine_1ab97cdbd51067978f155d7611010b4e7f" kind="function"><name>JShrink</name></member>
    <member refid="class_t_i_d_engine_1a37b0692940dabb81cb4b317721fe1657" kind="function"><name>JSminplus</name></member>
    <member refid="class_t_i_d_engine_1aa51877c4a67aee5e44b3291aa3aa4de2" kind="function"><name>gzip_data</name></member>
    <member refid="class_t_i_d_engine_1adaa8cd255f4af21f4fa6d1566a90e8b7" kind="function"><name>save_data</name></member>
    <member refid="class_t_i_d_engine_1a4d6587cd9ae73fa86b13f90c7ddf5a2d" kind="function"><name>meta_data</name></member>
    <member refid="class_t_i_d_engine_1ab0432c08e048640c83f871e3ca119e62" kind="function"><name>fix_newlines_for_clean_html</name></member>
    <member refid="class_t_i_d_engine_1a5c7a49fd6510389df88ca9f97685b2af" kind="function"><name>clean_html_code</name></member>
    <member refid="class_t_i_d_engine_1a05cc9b8d0b0f75a57a2b3da3a8891780" kind="function"><name>clear_cache</name></member>
    <member refid="class_t_i_d_engine_1a85b507378fa82cfbbcde72783fe506b8" kind="function"><name>clean_file</name></member>
    <member refid="class_t_i_d_engine_1acac77e9d1c1ea28406556e5dd88f1dc1" kind="function"><name>browser_info</name></member>
    <member refid="class_t_i_d_engine_1a6f31e46a51e73bd13b22a605d6599edf" kind="function"><name>getRequestHeaders</name></member>
    <member refid="class_t_i_d_engine_1a406da7d26abff8587a707e5e7315bacf" kind="function"><name>caculate_lifetime</name></member>
    <member refid="class_t_i_d_engine_1a16783567e39b102990730f699675819c" kind="function"><name>check_browser_set_extension</name></member>
  </compound>
  <compound refid="_t_i_d_engine_8php" kind="file"><name>TIDEngine.php</name>
  </compound>
  <compound refid="group__paths__settings" kind="group"><name>paths_settings</name>
    <member refid="group__paths__settings_1gaef9cf198312d2f89238a8e8e2f0f67f3" kind="variable"><name>$domain</name></member>
    <member refid="group__paths__settings_1gae39d9273ea31335b789e7d9a65ddd5e5" kind="variable"><name>$root_cache</name></member>
    <member refid="group__paths__settings_1ga63fb01efe0d6e48b4ec22d087e8146fb" kind="variable"><name>$pages_cache</name></member>
    <member refid="group__paths__settings_1ga0e80adb33d63c6d68ba4c65404df2f94" kind="variable"><name>$css_cache</name></member>
    <member refid="group__paths__settings_1ga16d37062fd28b17ccfbbc08ce3e0b776" kind="variable"><name>$js_cache</name></member>
    <member refid="group__paths__settings_1ga2f10132b94f95d29119dbfc721ec89f5" kind="variable"><name>$javascript_source</name></member>
    <member refid="group__paths__settings_1gaf110565a1dfb60e0e30898d5087688be" kind="variable"><name>$javascript_minified</name></member>
    <member refid="group__paths__settings_1ga35ab8cb7ae69ec347b63dda82a173005" kind="variable"><name>$frameworks_source</name></member>
    <member refid="group__paths__settings_1ga117298df65ff2026617e125d21463b93" kind="variable"><name>$css_source</name></member>
  </compound>
  <compound refid="group__general__cache__settings" kind="group"><name>general_cache_settings</name>
    <member refid="group__general__cache__settings_1gad3689303b91750b4f90511e1ab46a75c" kind="variable"><name>$cache_naming</name></member>
    <member refid="group__general__cache__settings_1gac05f99a6b3c71f3e31e77d5c9ea5914d" kind="variable"><name>$cache_name_pre</name></member>
    <member refid="group__general__cache__settings_1ga0b2dfab31e245d074c86967134122b25" kind="variable"><name>$cache_name_post</name></member>
    <member refid="group__general__cache__settings_1gac1516832f9aecd303dcb275d08e97efe" kind="variable"><name>$cache_extension</name></member>
    <member refid="group__general__cache__settings_1ga94cbab658bf158b39afd90db1a44e581" kind="variable"><name>$server_caching</name></member>
    <member refid="group__general__cache__settings_1gaa239a3baf57ffc17ad1cc1911414b539" kind="variable"><name>$client_caching</name></member>
    <member refid="group__general__cache__settings_1ga5ac8836bca7856f49bf02d7d95c2edd2" kind="variable"><name>$gzip</name></member>
    <member refid="group__general__cache__settings_1ga9a4e30766e452f0d2feaecd666787ca1" kind="variable"><name>$compression_level</name></member>
    <member refid="group__general__cache__settings_1ga5aaab753f75170fa670cbb602aa97119" kind="variable"><name>$cache_lifetime</name></member>
  </compound>
  <compound refid="group__xhtml__cache__settings" kind="group"><name>xhtml_cache_settings</name>
    <member refid="group__xhtml__cache__settings_1ga0216b64e0f4557ed5a36e5aaeccd2745" kind="variable"><name>$xhtml_code_operations</name></member>
    <member refid="group__xhtml__cache__settings_1ga2395c8c084b383c7fa248df50b624e9a" kind="variable"><name>$xhtml_code_indentation</name></member>
  </compound>
  <compound refid="group__css__cache__settings" kind="group"><name>css_cache_settings</name>
    <member refid="group__css__cache__settings_1ga3d807a2e23ba55310871e3ed6c2bd356" kind="variable"><name>$optimize_css</name></member>
    <member refid="group__css__cache__settings_1ga78989c70ad2b35d7026f6600cfe6ba92" kind="variable"><name>$optimize_css_gz</name></member>
    <member refid="group__css__cache__settings_1gad7ca051062e3dc2de4fa237217abef86" kind="variable"><name>$compact_css</name></member>
    <member refid="group__css__cache__settings_1ga2864dee7a65933d1d4c94373d542b700" kind="variable"><name>$css_file_name</name></member>
    <member refid="group__css__cache__settings_1ga80329ee2b55f386978162762e84ac3ee" kind="variable"><name>$css_ext</name></member>
  </compound>
  <compound refid="group__js__cache__settings" kind="group"><name>js_cache_settings</name>
    <member refid="group__js__cache__settings_1gaf2d235fefcbea23d664080143edad37f" kind="variable"><name>$optimize_javascript</name></member>
    <member refid="group__js__cache__settings_1ga73a53fbf95bca0dd45d7b6cca1f6a689" kind="variable"><name>$combine_all_javascript</name></member>
    <member refid="group__js__cache__settings_1ga8090fbc1c574d4134d6ab4b973d170d0" kind="variable"><name>$compact_javascript</name></member>
    <member refid="group__js__cache__settings_1ga0cdc0ded508ad7f1a3cfc63ef1df780a" kind="variable"><name>$optimize_javascript_gz</name></member>
    <member refid="group__js__cache__settings_1ga16b8a20321620dbef3a8deb7462ef4f4" kind="variable"><name>$packer</name></member>
    <member refid="group__js__cache__settings_1ga0d34488b74d51638331cf68641b18369" kind="variable"><name>$js_ext</name></member>
    <member refid="group__js__cache__settings_1ga08f8005b517d19f5a2d099d7ec595e2d" kind="variable"><name>$javascript_combined</name></member>
    <member refid="group__js__cache__settings_1ga38703f3ad6532639e4ec66aaa9ffc03b" kind="variable"><name>$javascript_filename</name></member>
    <member refid="group__js__cache__settings_1ga79efa8f1523c6f83cffbe8d18366a0f3" kind="variable"><name>$framework_filename</name></member>
    <member refid="group__js__cache__settings_1ga74a35165f016f24e125268a1e122c14f" kind="variable"><name>$frameworks_type</name></member>
  </compound>
  <compound refid="group__priv__settings" kind="group"><name>priv_settings</name>
    <member refid="group__priv__settings_1gaac9c786f32cb63904e4579cc2bded602" kind="variable"><name>$shortcodes</name></member>
    <member refid="group__priv__settings_1gade4bdb833871c0c762dd08d7ae627218" kind="variable"><name>$data_changes_check</name></member>
    <member refid="group__priv__settings_1ga1c507c75ecec577b312bb845ff0e5cc2" kind="variable"><name>$modification_time</name></member>
    <member refid="group__priv__settings_1ga88d4a982e092d52e64e05ee2b28f418f" kind="variable"><name>$template_id</name></member>
    <member refid="group__priv__settings_1ga25b8691d25affc422f8de6218c2adc44" kind="variable"><name>$configuration_file</name></member>
    <member refid="group__priv__settings_1ga9296b8da0b01b82041584bbf469081ce" kind="variable"><name>$meta_spec</name></member>
    <member refid="group__priv__settings_1ga25d50f7db79ecf7fc2a94c16eacfac6b" kind="variable"><name>$debug_meta</name></member>
  </compound>
  <compound refid="todo" kind="page"><name>todo</name>
  </compound>
  <compound refid="dir_0f2f79cdc164b01cdbe43321e29111bd" kind="dir"><name>TIDEngine/core/</name>
  </compound>
  <compound refid="dir_2f90a8441afb193b61a0865c4333eda2" kind="dir"><name>TIDEngine/</name>
  </compound>
</doxygenindex>
