<?xml version="1.0" encoding="UTF-8"?>
<item><menu_enable>checked</menu_enable><menu_news_number>4</menu_news_number><menu_title>TIDEngine News/Blog Menu</menu_title><menu_title_lenght>50</menu_title_lenght><menu_content_lenght>50</menu_content_lenght><menu_man>Cut Content</menu_man><news_page_number>5</news_page_number><all_news_page>none</all_news_page><news_summary>pagebreak</news_summary><slug_separator>_</slug_separator><language>german</language><date_format>%d %B %Y</date_format><sharethis_key>7f767ba1-c5b8-4abf-bf21-a6611cf2b98b</sharethis_key><navigation_type>drop down</navigation_type><use_share_this>checked</use_share_this><twitter_login>bogyvet</twitter_login><feed_enable>checked</feed_enable><feed_auto>checked</feed_auto><feed_generate>pages</feed_generate><feed_title>TIDEngine News/Blog RSS</feed_title><feed_description>TIDEngine News/Blog Plugin</feed_description><feed_lang>en_US</feed_lang><feed_num>35</feed_num><feed_generator>TIDEngine News/Blog RSS Feed Generator</feed_generator><feed_icon>rss_icon_glass_brown32.png</feed_icon><feed_image>maya-the-bee_07.jpg</feed_image><external_comments></external_comments></item>
