<?xml version="1.0" encoding="UTF-8"?>
<item><feed_enable>checked</feed_enable><feed_auto>checked</feed_auto><feed_title>TIDEngine News/Blog RSS</feed_title><category_feed_title>Category RSS Feed</category_feed_title><feed_description>TIDEngine News/Blog Plugin</feed_description><feed_lang>en_US</feed_lang><feed_num>35</feed_num><feed_generator>TIDEngine News/Blog RSS Feed Generator</feed_generator><feed_menu_enable>checked</feed_menu_enable><feed_menu_title>RSS Feed Menu</feed_menu_title><feed_icon>rss_icon_glass_brown32.png</feed_icon><feed_image>109.gif</feed_image></item>
