<?xml version="1.0" encoding="UTF-8"?>
<item><tags_menu_status>checked</tags_menu_status><tags_title>Site Tags</tags_title><tags_title_category>Category Tags </tags_title_category><tags_occurence>0</tags_occurence><tags_size>proportional</tags_size><tags_min_length>3</tags_min_length><tags_menu_start_color>3c00ff</tags_menu_start_color><tags_menu_end_color>b8bbcf</tags_menu_end_color><tags_font_size_min>20</tags_font_size_min><tags_font_size_max>38</tags_font_size_max><tags_font>Zeyada</tags_font></item>
