<?xml version="1.0"?>
<countries>
<item><country><![CDATA[Albania]]></country></item>
<item><country><![CDATA[Algeria]]></country></item>
<item><country><![CDATA[American Samoa]]></country></item>
<item><country><![CDATA[Andorra]]></country></item>
<item><country><![CDATA[Angola]]></country></item>
<item><country><![CDATA[Anguilla]]></country></item>
<item><country><![CDATA[Antarctica]]></country></item>
<item><country><![CDATA[Antigua and Barbuda]]></country></item>
<item><country><![CDATA[Argentina]]></country></item>
<item><country><![CDATA[Armenia]]></country></item>
<item><country><![CDATA[Aruba]]></country></item>
<item><country><![CDATA[Australia]]></country></item>
<item><country><![CDATA[Austria]]></country></item>
<item><country><![CDATA[Azerbaijan]]></country></item>
<item><country><![CDATA[Bahamas, The]]></country></item>
<item><country><![CDATA[Bahrain]]></country></item>
<item><country><![CDATA[Bangladesh]]></country></item>
<item><country><![CDATA[Barbados]]></country></item>
<item><country><![CDATA[Belarus]]></country></item>
<item><country><![CDATA[Belgium]]></country></item>
<item><country><![CDATA[Belize]]></country></item>
<item><country><![CDATA[Benin]]></country></item>
<item><country><![CDATA[Bermuda]]></country></item>
<item><country><![CDATA[Bhutan]]></country></item>
<item><country><![CDATA[Bolivia]]></country></item>
<item><country><![CDATA[Bonaire,Saint Eustatius,Saba]]></country></item>
<item><country><![CDATA[Bosnia and Herzegovina]]></country></item>
<item><country><![CDATA[Botswana]]></country></item>
<item><country><![CDATA[Bouvet Island]]></country></item>
<item><country><![CDATA[Brazil]]></country></item>
<item><country><![CDATA[British Indian Ocean Territory]]></country></item>
<item><country><![CDATA[Brunei Darussalam]]></country></item>
<item><country><![CDATA[Bulgaria]]></country></item>
<item><country><![CDATA[Burkina Faso]]></country></item>
<item><country><![CDATA[Burundi]]></country></item>
<item><country><![CDATA[Cambodia]]></country></item>
<item><country><![CDATA[Cameroon]]></country></item>
<item><country><![CDATA[Canada]]></country></item>
<item><country><![CDATA[Cape Verde]]></country></item>
<item><country><![CDATA[Cayman Islands]]></country></item>
<item><country><![CDATA[Central African Republic]]></country></item>
<item><country><![CDATA[Chad]]></country></item>
<item><country><![CDATA[Chile]]></country></item>
<item><country><![CDATA[China]]></country></item>
<item><country><![CDATA[Christmas Island]]></country></item>
<item><country><![CDATA[Cocos Islands]]></country></item>
<item><country><![CDATA[Colombia]]></country></item>
<item><country><![CDATA[Comoros]]></country></item>
<item><country><![CDATA[Congo]]></country></item>
<item><country><![CDATA[Congo]]></country></item>
<item><country><![CDATA[Cook Islands]]></country></item>
<item><country><![CDATA[Costa Rica]]></country></item>
<item><country><![CDATA[Croatia]]></country></item>
<item><country><![CDATA[Curaçao]]></country></item>
<item><country><![CDATA[Cyprus]]></country></item>
<item><country><![CDATA[Czech Republic]]></country></item>
<item><country><![CDATA[Denmark]]></country></item>
<item><country><![CDATA[Djibouti]]></country></item>
<item><country><![CDATA[Dominica]]></country></item>
<item><country><![CDATA[Dominican Republic]]></country></item>
<item><country><![CDATA[East Timor]]></country></item>
<item><country><![CDATA[Ecuador]]></country></item>
<item><country><![CDATA[Egypt]]></country></item>
<item><country><![CDATA[El Salvador]]></country></item>
<item><country><![CDATA[Equatorial Guinea]]></country></item>
<item><country><![CDATA[Eritrea]]></country></item>
<item><country><![CDATA[Estonia]]></country></item>
<item><country><![CDATA[Ethiopia]]></country></item>
<item><country><![CDATA[Falkland Islands]]></country></item>
<item><country><![CDATA[Faroe Islands]]></country></item>
<item><country><![CDATA[Fiji]]></country></item>
<item><country><![CDATA[Finland]]></country></item>
<item><country><![CDATA[France]]></country></item>
<item><country><![CDATA[French Guiana]]></country></item>
<item><country><![CDATA[French Polynesia]]></country></item>
<item><country><![CDATA[French Southern Territories]]></country></item>
<item><country><![CDATA[Gabon]]></country></item>
<item><country><![CDATA[Gambia, The]]></country></item>
<item><country><![CDATA[Georgia]]></country></item>
<item><country><![CDATA[Germany]]></country></item>
<item><country><![CDATA[Ghana]]></country></item>
<item><country><![CDATA[Gibraltar]]></country></item>
<item><country><![CDATA[Greece]]></country></item>
<item><country><![CDATA[Greenland]]></country></item>
<item><country><![CDATA[Grenada]]></country></item>
<item><country><![CDATA[Guadeloupe]]></country></item>
<item><country><![CDATA[Guam]]></country></item>
<item><country><![CDATA[Guatemala]]></country></item>
<item><country><![CDATA[Guernsey]]></country></item>
<item><country><![CDATA[Guinea]]></country></item>
<item><country><![CDATA[Guinea-Bissau]]></country></item>
<item><country><![CDATA[Guyana]]></country></item>
<item><country><![CDATA[Haiti]]></country></item>
<item><country><![CDATA[Heard and McDonald Islands]]></country></item>
<item><country><![CDATA[Holy See]]></country></item>
<item><country><![CDATA[Honduras]]></country></item>
<item><country><![CDATA[Hong Kong]]></country></item>
<item><country><![CDATA[Hungary]]></country></item>
<item><country><![CDATA[Iceland]]></country></item>
<item><country><![CDATA[India]]></country></item>
<item><country><![CDATA[Indonesia]]></country></item>
<item><country><![CDATA[Ireland, Republic of]]></country></item>
<item><country><![CDATA[Isle of Man]]></country></item>
<item><country><![CDATA[Israel]]></country></item>
<item><country><![CDATA[Italy]]></country></item>
<item><country><![CDATA[Ivory Coast (Côte D'ivoire)]]></country></item>
<item><country><![CDATA[Jamaica]]></country></item>
<item><country><![CDATA[Japan]]></country></item>
<item><country><![CDATA[Jersey]]></country></item>
<item><country><![CDATA[Jordan]]></country></item>
<item><country><![CDATA[Kazakhstan]]></country></item>
<item><country><![CDATA[Kenya]]></country></item>
<item><country><![CDATA[Kiribati]]></country></item>
<item><country><![CDATA[Koreaf]]></country></item>
<item><country><![CDATA[Kuwait]]></country></item>
<item><country><![CDATA[Kyrgyzstan]]></country></item>
<item><country><![CDATA[Lac]]></country></item>
<item><country><![CDATA[Latvia]]></country></item>
<item><country><![CDATA[Lebanon]]></country></item>
<item><country><![CDATA[Lesotho]]></country></item>
<item><country><![CDATA[Liberia]]></country></item>
<item><country><![CDATA[Libya]]></country></item>
<item><country><![CDATA[Liechtenstein]]></country></item>
<item><country><![CDATA[Lithuania]]></country></item>
<item><country><![CDATA[Luxembourg]]></country></item>
<item><country><![CDATA[Macao]]></country></item>
<item><country><![CDATA[Macedonia]]></country></item>
<item><country><![CDATA[Madagascar]]></country></item>
<item><country><![CDATA[Malawi]]></country></item>
<item><country><![CDATA[Malaysia]]></country></item>
<item><country><![CDATA[Maldives]]></country></item>
<item><country><![CDATA[Mali]]></country></item>
<item><country><![CDATA[Malta]]></country></item>
<item><country><![CDATA[Marshall Islands]]></country></item>
<item><country><![CDATA[Martinique]]></country></item>
<item><country><![CDATA[Mauritania]]></country></item>
<item><country><![CDATA[Mauritius]]></country></item>
<item><country><![CDATA[Mayotte]]></country></item>
<item><country><![CDATA[Mexico]]></country></item>
<item><country><![CDATA[Micronesia]]></country></item>
<item><country><![CDATA[Moldovia]]></country></item>
<item><country><![CDATA[Monaco]]></country></item>
<item><country><![CDATA[Mongolia]]></country></item>
<item><country><![CDATA[Montenegro]]></country></item>
<item><country><![CDATA[Montserrat]]></country></item>
<item><country><![CDATA[Morocco]]></country></item>
<item><country><![CDATA[Mozambique]]></country></item>
<item><country><![CDATA[Myanmar]]></country></item>
<item><country><![CDATA[Namibia]]></country></item>
<item><country><![CDATA[Nauru]]></country></item>
<item><country><![CDATA[Nepal]]></country></item>
<item><country><![CDATA[Netherlands]]></country></item>
<item><country><![CDATA[Netherlands Antilles]]></country></item>
<item><country><![CDATA[New Caledonia]]></country></item>
<item><country><![CDATA[New Zealand]]></country></item>
<item><country><![CDATA[Nicaragua]]></country></item>
<item><country><![CDATA[Niger]]></country></item>
<item><country><![CDATA[Nigeria]]></country></item>
<item><country><![CDATA[Niue]]></country></item>
<item><country><![CDATA[Norfolk Island]]></country></item>
<item><country><![CDATA[Northern Mariana Islands]]></country></item>
<item><country><![CDATA[Norway]]></country></item>
<item><country><![CDATA[Oman]]></country></item>
<item><country><![CDATA[Pakistan]]></country></item>
<item><country><![CDATA[Palau]]></country></item>
<item><country><![CDATA[Panama]]></country></item>
<item><country><![CDATA[Papua New Guinea]]></country></item>
<item><country><![CDATA[Paraguay]]></country></item>
<item><country><![CDATA[Peru]]></country></item>
<item><country><![CDATA[Philippines]]></country></item>
<item><country><![CDATA[Pitcairn]]></country></item>
<item><country><![CDATA[Poland]]></country></item>
<item><country><![CDATA[Portugal]]></country></item>
<item><country><![CDATA[Puerto Rico]]></country></item>
<item><country><![CDATA[Qatar]]></country></item>
<item><country><![CDATA[Reunion]]></country></item>
<item><country><![CDATA[Romania]]></country></item>
<item><country><![CDATA[Russian Federation]]></country></item>
<item><country><![CDATA[Rwanda]]></country></item>
<item><country><![CDATA[Saint Helena]]></country></item>
<item><country><![CDATA[Saint Kitts and Nevis]]></country></item>
<item><country><![CDATA[Saint Lucia]]></country></item>
<item><country><![CDATA[Saint Pierre and Miquelon]]></country></item>
<item><country><![CDATA[Saint Vincent and Grenadines]]></country></item>
<item><country><![CDATA[Samoa]]></country></item>
<item><country><![CDATA[San Marino]]></country></item>
<item><country><![CDATA[Sao Tome and Principe]]></country></item>
<item><country><![CDATA[Saudi Arabia]]></country></item>
<item><country><![CDATA[Senegal]]></country></item>
<item><country><![CDATA[Serbia]]></country></item>
<item><country><![CDATA[Seychelles]]></country></item>
<item><country><![CDATA[Sierra Leone]]></country></item>
<item><country><![CDATA[Singapore]]></country></item>
<item><country><![CDATA[Sint Maarten]]></country></item>
<item><country><![CDATA[Slovakia]]></country></item>
<item><country><![CDATA[Slovenia]]></country></item>
<item><country><![CDATA[Solomon Islands]]></country></item>
<item><country><![CDATA[Somalia]]></country></item>
<item><country><![CDATA[South Africa]]></country></item>
<item><country><![CDATA[South Georgia and Sandwich Islands]]></country></item>
<item><country><![CDATA[Spain]]></country></item>
<item><country><![CDATA[Sri Lanka]]></country></item>
<item><country><![CDATA[Suriname]]></country></item>
<item><country><![CDATA[Svalbard and Jan Mayen]]></country></item>
<item><country><![CDATA[Swaziland]]></country></item>
<item><country><![CDATA[Sweden]]></country></item>
<item><country><![CDATA[Switzerland]]></country></item>
<item><country><![CDATA[Taiwan]]></country></item>
<item><country><![CDATA[Tajikistan]]></country></item>
<item><country><![CDATA[Tanzania, United Republic of]]></country></item>
<item><country><![CDATA[Thailand]]></country></item>
<item><country><![CDATA[Togo]]></country></item>
<item><country><![CDATA[Tokelau]]></country></item>
<item><country><![CDATA[Tonga]]></country></item>
<item><country><![CDATA[Trinidad and Tobago]]></country></item>
<item><country><![CDATA[Tunisia]]></country></item>
<item><country><![CDATA[Turkey]]></country></item>
<item><country><![CDATA[Turkmenistan]]></country></item>
<item><country><![CDATA[Turks and Caicos Islands]]></country></item>
<item><country><![CDATA[Tuvalu]]></country></item>
<item><country><![CDATA[Uganda]]></country></item>
<item><country><![CDATA[Ukraine]]></country></item>
<item><country><![CDATA[United Arab Emirates]]></country></item>
<item><country><![CDATA[United Kingdom]]></country></item>
<item><country><![CDATA[United States]]></country></item>
<item><country><![CDATA[United States Minor Outlying Islands]]></country></item>
<item><country><![CDATA[Uruguay]]></country></item>
<item><country><![CDATA[Uzbekistan]]></country></item>
<item><country><![CDATA[Vanuatu]]></country></item>
<item><country><![CDATA[Venezuela]]></country></item>
<item><country><![CDATA[Vietnam]]></country></item>
<item><country><![CDATA[Virgin Islands, British]]></country></item>
<item><country><![CDATA[Virgin Islands, US]]></country></item>
<item><country><![CDATA[Wallis and Futuna]]></country></item>
<item><country><![CDATA[Western Sahara]]></country></item>
<item><country><![CDATA[Yemen]]></country></item>
<item><country><![CDATA[Zambia]]></country></item>
<item><country><![CDATA[Zimbabwe]]></country></item>
</countries>